video_id,trending_date,title,channel_title,category_id,publish_time,tags,views,likes,dislikes,comment_count,thumbnail_link,comments_disabled,ratings_disabled,video_error_or_removed,description
GwGLUH3IUdU,18.14.06,‡∞™‡±ã‡∞∞‡∞®‡±ç‡∞®‡∞ø ‡∞≤‡∞ó‡±ç‡∞ó‡∞Ç ‡∞ú‡±á‡∞∏‡±Å‡∞ï‡±Å‡∞Ç‡∞ü ‡∞Ö‡∞Ç‡∞ü‡±Å‡∞®‡±ç‡∞® ‡∞Æ‡∞≤‡±ç‡∞≤‡∞ø || Jabardasth Komaram Dandora || 11-06-2018 - TV1,TV1 Telugu,25,2018-06-11T17:28:41.000Z,"TV1|""TV1 Live""|""TV1 Telugu""|""Latest News""|""AP News""|""Telangana News""|""Telugu news latest""|""latest telugu news""|""breaking news""|""national news""|""trending news""|""world news""|""TDP""|""YCP""|""BJP""|""Congress""|""‡∞™‡±ã‡∞∞‡∞®‡±ç‡∞®‡∞ø ‡∞≤‡∞ó‡±ç‡∞ó‡∞Ç ‡∞ú‡±á‡∞∏‡±Å‡∞ï‡±Å‡∞Ç‡∞ü ‡∞Ö‡∞Ç‡∞ü‡±Å‡∞®‡±ç‡∞® ‡∞Æ‡∞≤‡±ç‡∞≤‡∞ø || Jabardasth Komaram Dandora || 11-06-2018 - TV1""",145452,627,100,34,https://i.ytimg.com/vi/GwGLUH3IUdU/default.jpg,FALSE,FALSE,FALSE,"‡∞™‡±ã‡∞∞‡∞®‡±ç‡∞®‡∞ø ‡∞≤‡∞ó‡±ç‡∞ó‡∞Ç ‡∞ú‡±á‡∞∏‡±Å‡∞ï‡±Å‡∞Ç‡∞ü ‡∞Ö‡∞Ç‡∞ü‡±Å‡∞®‡±ç‡∞® ‡∞Æ‡∞≤‡±ç‡∞≤‡∞ø || Jabardasth Komaram Dandora || 11-06-2018 - TV1TV1  is one of the leaders in the production and broadcasting of un-biased and comprehensive news and entertainment programs. It offers round-the-clock coverage of latest news and has a unique mix of news bulletins, current affairs, talk shows, and general interest and entertainment programs. Subscribe #TV1 Channel To Know Latest News Updates, Breaking News, Political Matters, Government Policies, Press Meets.‚ñ∫ Subscribe to Tv1 Telugu Live: https://www.youtube.com/channel/UCg-0...‚ñ∫ Like us on Facebook: https://www.facebook.com/TV1Telugu‚ñ∫ Follow us on Twitter: https://twitter.com/Tv1Telugu"
aKsKUk4RPLM,18.14.06,There Is One Relation Above All,ActorVarunPruthi,24,2018-06-13T11:04:45.000Z,"varun pruthi|""actor varun pruthi""|""actor varun""|""she dumped him""|""social experiment""|""inspiration""|""motivation""",90643,18060,165,4168,https://i.ytimg.com/vi/aKsKUk4RPLM/default.jpg,FALSE,FALSE,FALSE,"There is one Relation above all, Relation of Humanity, Please share and comment to spread love, peace and Happiness. #RamadanMubarak"
UPbi1oG5UPg,18.14.06,Engineering Girls | Web Series | S01E02 - Ghar Ke Laddu | The Timeliners,The Timeliners,24,2018-06-08T13:54:39.000Z,"funny videos|""hotels""|""comedy""|""comedy video""|""friends""|""friendship quotes""|""college""|""sejal kumar""|""barkha singh""|""kritika avasthi""|""the timeliners""|""timeliners""|""web series""|""laddu""|""Ghar ke laddu""|""episode 2""|""friendship""|""best friend""|""when you fight with your best friend""|""exams""|""startup""|""college life""|""youtube video""|""bff""|""sharda university""|""apoorv singh karki""|""TVF""|""girls hostel""|""engineering""|""engineering girls""|""mechanical engineering""|""3 idiots""|""amity university""|""hindi comedy""|""hostel""|""fight""|""girliyapa""",2675706,96485,4181,6634,https://i.ytimg.com/vi/UPbi1oG5UPg/default.jpg,FALSE,FALSE,FALSE,"Maggu is preparing for Sharda University internal exam tomorrow and Sabu brings her home-made Laddus. Somehow things heat up and they end up having a fight. Kiara is trying to sort their issues. Maggu falls into deeper trouble. Watch the episode to find out what happens next.The only global university in India to offer multi-disciplinary courses. Choose from over 216 courses in disciplines like engineering, management, media studies, law, allied health, nursing and many more. Visit http://bit.ly/EGShardaUniversity to know more. Also, the female candidates can avail a lucrative 50% off, on the application fee using the coupon code ‚ÄòFind your Future'. To avail the discount visit http://bit.ly/ShardaUniversityFindYourFuture or just access Google Play store to download Sharda University App on your Android device.Please subscribe to our channel by clicking the following link to make sure you get the notifications for our videos:https://goo.gl/TVeum4Like Us On Facebook: https://www.facebook.com/TheTimelinersFollow us on Twitter: https://twitter.com/the_timelinersFollow us on Instagram: https://www.instagram.com/thetimeliners#EngineeringGirls Written By: Jasdeep Singh and Prakriti Kargeti Directed By: Apoorv Singh Karki Cast: Sabu- Barkha Singh, Kiara- Sejal Kumar, Maggu- Kritika Avasthi Warden- Surbhi VermaBackground Song: Original composition ‚Äì ShaitaniyaanSubtitles: Savvy Dalmia"
3MTCSll3KGU,18.14.06,"Rusev vs. Samoa Joe - with Special Guest Referee The Miz: SmackDown LIVE, June 12, 2018",WWE,17,2018-06-13T03:09:21.000Z,"wwe|""world wrestling entertainment""|""wrestling""|""wrestler""|""wrestle""|""superstars""|""‡§ï‡•Å‡§∂‡•ç‡§§‡•Ä""|""‡§™‡§π‡§≤‡§µ‡§æ‡§®""|""‡§°‡§¨‡•ç‡§≤‡•Ç ‡§°‡§¨‡•ç‡§≤‡•Ç ‡§à""|""‡§Æ‡•à‡§ö""|""‡§∏‡•Å‡§™‡§∞‡§∏‡•ç‡§ü‡§æ‡§∞""|""‡§µ‡•ç‡§Ø‡§æ‡§µ‡§∏‡§æ‡§Ø‡§ø‡§ï ‡§ï‡•Å‡§∂‡•ç‡§§‡•Ä""|""ŸÖÿµÿßÿ±ÿπŸá""|""SmackDown""|""Rusev""|""Samoa Joe""|""The Miz""|""sp:ty=high""|""sp:st=wrestling""|""sp:scp=athlete_in_match""|""sp:dt=2018-06-12T20:00:00-04:00""|""sp:ev=wwe-smack""|""sp:ath=wwe-thmiz""|""sp:ath=wwe-sajoe""|""sp:ath=wwe-rusev""|""samoa joe vs rusev full match""|""wwe smackdown highlights""|""wwe smackdown highlights today""|""wwe smackdown""|""smackdown live""|""samoa joe vs rusev""",770873,13316,552,1175,https://i.ytimg.com/vi/3MTCSll3KGU/default.jpg,FALSE,FALSE,FALSE,"The Miz serves as special guest referee in this battle between Men's Money in the Bank Ladder Match competitors.Get your first month of WWE Network for FREE: http://wwenetwork.comSubscribe to WWE on YouTube: http://bit.ly/1i64OdTVisit WWE.com: http://goo.gl/akf0J4Must-See WWE videos on YouTube: https://goo.gl/QmhBof"
TIE92mUvSsw,18.14.06,Dhadak | Official Trailer | Janhvi & Ishaan | Shashank Khaitan | Karan Johar,Dharma Productions,1,2018-06-11T06:50:41.000Z,"Dharma|""Dharma Productions""|""Dhadak""|""Janhvi Kapoor""|""Jhanvi Kapoor""|""Ishaan Khatter""|""Ishaan""|""Bollywood""|""Sairat""|""Marathi""|""Remake""|""Adaptation""|""Music""|""Zingaat""|""Zinghat""|""Karan Johar""|""Karan""|""Zee Studios""",27696924,468472,60025,48740,https://i.ytimg.com/vi/TIE92mUvSsw/default.jpg,FALSE,FALSE,FALSE,"When two worlds collide, they become oneDhadak is a journey of young, pure, unconditional and a fierce first love that fights fate.Meet Madhukar and Parthavi, two young and passionate individuals who make a safe haven of their own when they fall in love. But as their love grew, so did their problems when their families reject their love. Torn between society and families, their fate becomes uncertain but their love stands strong.Presenting Janhvi & IshaanFrom the director of Humpty Sharma Ki Dulhania & Badrinath Ki Dulhania, presenting Dhadak, an adaptation of the Marathi blockbuster, Sairat.‡§ß‡•ú‡§ï , ‡§è‡§ï  ‡§ú‡§µ‡§æ‡§® , ‡§™‡§µ‡§ø‡§§‡•ç‡§∞  ‡§î‡§∞  ‡§Ö‡§®‡•ã‡§ñ‡•Ä  ‡§™‡§π‡§≤‡•á  ‡§™‡•ç‡§Ø‡§æ‡§∞  ‡§ï‡•Ä  ‡§ï‡§π‡§æ‡§®‡•Ä  ‡§π‡•à  ‡§ú‡•ã  ‡§Ö‡§™‡§®‡•á  ‡§™‡•ç‡§Ø‡§æ‡§∞  ‡§ï‡•á  ‡§≤‡§ø‡§è  ‡§Ö‡§™‡§®‡•á  ‡§ï‡§ø‡§∏‡•ç‡§Æ‡§§  ‡§∏‡•á  ‡§≤‡•ú‡§§‡•á  ‡§π‡•à‡§Ç |‡§Æ‡§ø‡§≤‡§ø‡§è  ‡§Æ‡§ß‡•Å‡§ï‡§∞  ‡§î‡§∞ ‡§™‡§æ‡§∞‡•ç‡§•‡§µ‡•Ä  ‡§∏‡•á , ‡§¶‡•ã  ‡§ú‡§µ‡§æ‡§®  ‡§î‡§∞  ‡§¨‡•á‡§´‡§ø‡§ï‡•ç‡§∞  ‡§™‡•ç‡§∞‡•á‡§Æ‡•Ä  ‡§ú‡•ã  ‡§Ö‡§™‡§®‡•á  ‡§™‡§π‡§≤‡•á  ‡§™‡•ç‡§Ø‡§æ‡§∞  ‡§ï‡•ã  ‡§ú‡§®‡•ç‡§®‡§§  ‡§¨‡§®‡§æ  ‡§≤‡•á‡§§‡•á  ‡§π‡•à‡§Ç| ‡§≤‡•á‡§ï‡§ø‡§®  ‡§ú‡•à‡§∏‡•á  ‡§ú‡•à‡§∏‡•á  ‡§á‡§®‡§ï‡§æ  ‡§™‡•ç‡§Ø‡§æ‡§∞  ‡§¨‡•ù‡§§‡§æ  ‡§π‡•à  ‡§µ‡•à‡§∏‡•á  ‡§µ‡•à‡§∏‡•á  ‡§ï‡§†‡§ø‡§®‡§æ‡§à‡§Ø‡§æ‡§Ç  ‡§≠‡•Ä , ‡§ú‡§¨  ‡§á‡§®‡§ï‡§æ  ‡§™‡§∞‡§ø‡§µ‡§æ‡§∞  ‡§á‡§®‡§ï‡•á  ‡§™‡•ç‡§Ø‡§æ‡§∞  ‡§ï‡•ã  ‡§†‡•Å‡§ï‡§∞‡§æ  ‡§¶‡•á‡§§‡§æ  ‡§π‡•à| ‡§™‡§∞‡§ø‡§µ‡§æ‡§∞ ‡§î‡§∞ ‡§∏‡§Æ‡§æ‡§ú ‡§ï‡•á ‡§π‡§æ‡§•‡•ã ‡§Æ‡•á‡§Ç ‡§á‡§®‡§ï‡§æ ‡§™‡•ç‡§Ø‡§æ‡§∞ ‡§Ö‡§®‡§ø‡§∂‡•ç‡§ö‡§ø‡§§ ‡§π‡•ã‡§®‡•á ‡§ï‡•á ‡§¨‡§æ‡§µ‡§ú‡•Ç‡§¶ ‡§≠‡•Ä ‡§á‡§®‡§ï‡§æ ‡§™‡•ç‡§Ø‡§æ‡§∞ ‡§Ö‡§ü‡•Ç‡§ü ‡§π‡•à |Release Date: 20th July 2018Written and Directed by: Shashank KhaitanProduced by: Karan Johar, Zee Studios, Hiroo Yash Johar, Apoorva MehtaMusic by: Ajay-AtulMusic on: Zee Music CompanyJoin the conversation - #DhadakSubscribe for Regular Updateshttp://goo.gl/tBtxttLike us on http://www.facebook.com/DharmaMoviesFollow us onhttp://www.twitter.com/DharmaMovieshttps://www.instagram.com/dharmamoviesCircle us on Google+https://plus.google.com/+DharmaMovies"
PjTU0DmBWiU,18.14.06,PRADA - JASS MANAK (Official Video) Satti Dhillon | Latest Punjabi Song 2018 | GK.DIGITAL | Geet MP3,Geet MP3,24,2018-06-13T12:30:01.000Z,"prada|""prada song video""|""prada full song""|""prada video""|""prada jass manak""|""jass manak prada""|""jass manak""|""jass manak new song""|""jass manak song""|""jass manak live""|""latest songs""|""latest punjabi songs""|""latest punjabi songs 2018""|""new punjabi songs 2018""|""new punjabi songs""|""new songs 2018""|""latest songs 2018""|""superhit punjabi songs""|""trending songs""|""punjabi songs""|""punjabi latest songs""|""punjabi music""|""geetmp3""|""new punjabi song 2018""|""gk digital""|""JASS MANAK""|""latest hit songs""|""trending""",3233766,279457,3762,30611,https://i.ytimg.com/vi/PjTU0DmBWiU/default.jpg,FALSE,FALSE,FALSE,"Geet MP3 & GK.DIGITAL Presenting Official Music Video Of Most Awaited Song 2018 PRADA By JASS MANAK  in FeaturingSatti Dhillon & Swalina Song #Prada Composed By Jass Manak Also Written & Sing By Jass Manak Do Watch N Share If You Like This Video and Don't Forget To Subscribe Our Official Youtube Channel For More  Videos - http://bit.ly/SubscribeGEETMP3Listen & Download OnGaana - http://bit.ly/PradaOnGaanaHungama - http://bit.ly/PradaOnHungamaWynk - http://bit.ly/PradaOnWynkJio Music - http://bit.ly/PradaOnJioSong - PRADASinger - JASS MANAKLyrics - JASS MANAKComposer - JASS MANAKStarring - SWALINAMusic - AR DEEPMix & Master - TEJVideo - SATTI DHILLONOnline Promotions - GK.DIGITALLabel - GEET MP3Produced By - KV DHILLON, PARTAP DHILLON, SAHIL CHHABRA::::::::::::Additional Credits :::::::::::::::Art Director : BLACCKDop : VIKCEEEditor : KAMCEEAd Director : RAJVIRMakeup Artist : RAJAN PASSIHair Styelist : ALI KHANCasting By : CREW STAR FASHION (Rammy Singh, Deepesh Rakheja) Line Production :- Fateh Film Production-------------------------------------------------------------------------------------        You Can See Artist Profile - JASS MANAK-------------------------------------------------------------------------------------Fb - https://www.facebook.com/iJassManakiG - https://www.instagram.com/iJassManakSnapchat - https://www.snapchat.com/add/iJassManakTwitter - https://twitter.com/iJassManakMusical.ly - JassManakSubscribe To Our New Channel For New Songs  : http://bit.ly/SubscribeGEETMP3Music Consultant & Digital Partner :- GK.DIGITALInstagram : https://www.instagram.com/GK.DIGITALEnjoy and stay connected with us üì≤Website :- http://GeetMP3.comYouTube :- https://www.youtube.com/c/GeetMP3 Facebook :- https://www.facebook.com/GEETMP3OFFICIALInstagram :- https://www.instagram.com/GEETMP3Twitter :- https://twitter.com/GEETMP3SnapChat :- https://www.snapchat.com/add/GEETMP3"
Zqv5CBWt9yA,18.14.06,Bhuvan Bam- Safar | Official Music Video |,BB Ki Vines,24,2018-06-13T07:13:43.000Z,"safar|""travel""|""bhuvan bam""|""music""|""journey""|""kerala""|""bollywood""|""movies""|""lifestyle""|""bajaj avengers""|""skybags""|""headphones""|""guitar""",3854712,524135,14650,55735,https://i.ytimg.com/vi/Zqv5CBWt9yA/default.jpg,FALSE,FALSE,FALSE,"Bhuvan Bam releases his 3rd single 'Safar' in which an artist chooses a road less taken in this hypocrite world.Saavn mp3: http://saa.vn/safarbbAirtel Subscribers Direct Dial 5432116540407 to Set as Hello tunehttps://www.airtelhellotunes.in/single/index/vcode/009165400000407Vodafone Subscribers for Caller Tune Direct Dial 53710504376Idea Subscribers for Dialer Tone Direct Dial 5678910504376BSNL (E & S) Subscribers Direct Dial 5670010504376 to set BSNL TuneRadio Partner : Radio City 91.1 AUDIO CREDITSSinger & Composer : Bhuvan Bam Music Producer : Omkar TamhanRecording Engineer :Omkar TamhanMixing and Mastering :Adrushta Deepak Pallikonda (P. A. Deepak)Vocals recorded at Asia Music VisionSound Designer : Carl NazarethAssistant Sound Designer : Vishnu RajeevRecording Assistant : Aditya KadamVIDEO CREDITSDirector : Shlok SharmaWriter : Shilpa Srivastava & Shlok Sharma  Special Appearance : Santhy Balachandran Cinematographer : Eeshit NarainExecutive Producer : Navin ShettyRedbull & Promotions : Rohit Raj Line Producer : Akash Banerji (Fundamental Pictures) Production Designer : Mayur Sharma Editor : Faraz MalikFlame Artist : Sunil Pathak Chief AD : Aditya PawarAssistant Directors : Jaideep Duhan, Shahid Hanzalah & Praveen JamesProduction Manager : Sagar SalunkeStills : Tushar Mahajan (World Of Frames)Local Line production : Appu Ajmal (Balle Balle Productions)Production Assistants : Dibin Jos, ShibuHelicam : SreenathCamera Equipments : Siddhi Vinayak Vision DI Colourist  : Navin ShettyDI Line producer : Sandesh ShettyDI Business Head : Ranjan karkera Post Supervisor : Akash BanerjiAssistant Colourist : Zaheer Shaikh Conforming team : Rohit Karkera, Sagar Lele , Dinesh SolankiGraphics: Sidhant Gandhi (Toosid)Baccha Party :Ridhanya, Ridhan, Franchana, Godwin, Jeni, Simon, Alfin, SimonDubbing Artist: Eklovey Kashyap, Priti Shroff.Post Houses : Nube studio, Splice Studioz, Tuneinn Studio.Digitally Powered by One Digital EntertainmentOfficial BB Ki Vines Merchandise: https://youthiapa.com/Facebook‚ñ∫ https://www.facebook.com/BBkiVines/Instagram‚ñ∫ bhuvan.bam22Snapchat‚ñ∫ bbkv22Twitter‚ñ∫https://twitter.com/Bhuvan_Bam and https://twitter.com/BBkv22.This is an all original work of BB Ki Vines."
c7MwlTFQBEQ,18.14.06,Soorma | Official Trailer | Diljit Dosanjh | Taapsee Pannu | Angad Bedi,Sony Pictures Networks Productions,24,2018-06-11T05:25:40.000Z,"Soorma Official Trailer|""Soorma""|""Diljit Dosanjh""|""Diljit Dosanjh new movie""|""Taapsee Pannu""|""Taapsee Pannu's new movie""|""Angad Bedi""|""Upcoming Bollywood Movie""|""Latest Bollywood Movie""|""Sandeep Singh biopic""|""Sandeep Singh""|""Shaad Ali""|""Shaad Ali movie""",6725073,242373,3569,14606,https://i.ytimg.com/vi/c7MwlTFQBEQ/default.jpg,FALSE,FALSE,FALSE,"Here's presenting the official trailer for the upcoming Hindi movie Soorma ‚Äì the Greatest Comeback Story of the Hockey Legend Sandeep Singh‚Äù starring Diljit Dosanjh, Taapsee Pannu and Angad Bedi in pivotal roles. Soorma is an inspiring true story of the triumph of the human spirit, about a player, who made headlines for his miraculous comeback after an unfortunate, freak accident through sheer determination, hard work and unrelenting passion for the sport.Don‚Äôt Let This Story Pass! In Cinemas on 13th July 2018.Produced by Sony Pictures Networks Productions, Chitrangda Singh and Deepak Singh, Soorma is written and directed by Shaad Ali with music by Shankar Ehsaan Loy and lyrics by Gulzar.‚ñ∫To know more, connect with us on: Facebook: https://www.facebook.com/SonyPicturesNetworksProductions/Twitter: https://twitter.com/sonypicsprodnsInstagram: https://www.instagram.com/sonypicsprodns/"
G4g2Kg6wXBc,18.14.06,"Junga Official Trailer | Vijay Sethupathi, Sayyeshaa, Madonna Sebastian | Siddharth Vipin | Gokul",Think Music India,1,2018-06-13T05:57:12.000Z,"junga trailer|""junga songs""|""tamil songs""|""tamil movie songs""|""tamil""|""tamil cinema songs""|""tamil love songs""|""tamil hit songs""|""rummy tamil movie songs""|""tamil movies""|""tamil full movies""|""tamil language (human language)""|""tamil rhymes""|""tamil cinema (film genre)""|""tamil comedy""|""tamil movie""|""ilaiyaraja tamil love songs""|""tamil middle love songs""|""vandana srinivasan tamil songs""|""ilayaraja love songs tamil""",2274252,121587,2520,3636,https://i.ytimg.com/vi/G4g2Kg6wXBc/default.jpg,FALSE,FALSE,FALSE,"#Junga Official Trailer | #Junga is an Indian Tamil gangster comedy film written and directed by #Gokul. The film will feature #VijaySethupathi , #Sayyeshaa and #MadonnaSebastian in the lead roles. Music composed by #SiddharthVipin.Listen to #Junga Songs now available on :iTunes ‚ñ∫ https://apple.co/2y7cAIdSaavn ‚ñ∫ https://goo.gl/y4GfAkGaana ‚ñ∫ https://goo.gl/iASTczRaaga ‚ñ∫ https://goo.gl/zH3ULtJioMusic ‚ñ∫ https://goo.gl/fTQnX2Wynk Music ‚ñ∫ https://bit.ly/2JyQjIE#Junga Tamil Movie Crew:Starring : Vijay Sethupathi, Sayyeshaa, Madonna Sebastian, Yogi BabuDirector : GokulMusic : Siddharth VipinCinematography : DudleyEditor : V. J. Sabu JosephProduction : Vijay Sethupathi ProductionsDistributor : A&P Groups Arun PandianAudio Label : Think Music¬© 2018 SPI Music Pvt. Ltd.For All Latest Updates:Subscribe to us on: http://www.youtube.com/thinkmusicindiaSubscribe to us on: http://www.dailymotion.com/thinkmusicindiaFollow us on: https://twitter.com/thinkmusicindiaLike us on: https://www.facebook.com/ThinkmusicofficialFollow us on: https://plus.google.com/+thinkmusicindiaFollow us on: https://www.instagram.com/thinkmusicofficialjunga,junga teaser, junga trailer, junga sayyeshaa, junga title teaser, junga yogi babu, junga official teaser, junga poster design, junga first look teaser, vijay sethupathi junga, junga vijay sethupathi movie teaser, junga movie, junka, junga official teaser | vijay sethupathi, junga tamil movie, vijay sethupathi, junga song, junga film, junga audio teaser, junga mass, junga songs, director gokul, kollywood, vijay, tamil cinema"
pzD9zGcUNrw,18.14.06,THE NUN - Official Teaser Trailer [HD],Warner Bros. Pictures,24,2018-06-13T12:00:24.000Z,"James Wan|""The Conjuring""|""The Conjuring 2""|""Corin Hardy""|""The Nun""|""Peter Safran""|""Demian Bichir""|""Taissa Farmiga""|""Jonas Bloquet""|""Charlotte Hope""|""Ingrid Bisu""|""Bonnie Aarons""|""Gary Dauberman""|""Todd Williams""|""Michael Clear""|""Annabelle""|""New Line""|""New Line Cinema""|""Warner Bros.""|""WB""",2072162,61948,1263,6143,https://i.ytimg.com/vi/pzD9zGcUNrw/default.jpg,FALSE,FALSE,FALSE,"Witness the darkest chapter of The Conjuring Universe. #TheNunMovie, in theaters September 7.--https://www.facebook.com/NunMovie/https://twitter.com/thenunmoviehttps://www.instagram.com/thenunmovie/http://TheNunMovie.com--Filmmaker James Wan, director of the record-setting horror hits ‚ÄúThe Conjuring‚Äù and ‚ÄúThe Conjuring 2,‚Äù explores another dark corner of that universe with ‚ÄúThe Nun.‚Äù  Directed by Corin Hardy (‚ÄúThe Hallow‚Äù), the new fright-fest is produced by Wan and by Peter Safran, who has produced all the films in ‚ÄúThe Conjuring‚Äù franchise.  When a young nun at a cloistered abbey in Romania takes her own life, a priest with a haunted past and a novitiate on the threshold of her final vows are sent by the Vatican to investigate.  Together they uncover the order‚Äôs unholy secret.  Risking not only their lives but their faith and their very souls, they confront a malevolent force in the form of the same demonic nun that first terrorized audiences in ‚ÄúThe Conjuring 2,‚Äù as the abbey becomes a horrific battleground between the living and the damned.  ‚ÄúThe Nun‚Äù stars Oscar nominated Demian Bichir (‚ÄúA Better Life‚Äù) as Father Burke, Taissa Farmiga (TV‚Äôs ‚ÄúAmerican Horror Story‚Äù) as Sister Irene, and Jonas Bloquet (‚ÄúElle‚Äù) as local villager Frenchie. The cast also includes Charlotte Hope (TV‚Äôs ‚ÄúGame of Thrones‚Äù) as the abbey‚Äôs Sister Victoria, Ingrid Bisu (‚ÄúToni Erdmann‚Äù) as Sister Oana, and Bonnie Aarons, reprising her ‚ÄúConjuring 2‚Äù role as the title character. Hardy directs ‚ÄúThe Nun‚Äù from a screenplay by Gary Dauberman (‚ÄúIt‚Äù), story by James Wan & Gary Dauberman.  Dauberman, Todd Williams and Michael Clear are the executive producers.Joining Hardy behind the scenes are director of photography Maxime Alexandre (‚ÄúThe Voices,‚Äù ‚ÄúAnnabelle: Creation‚Äù), production designer Jennifer Spence (‚ÄúAnnabelle: Creation,‚Äù ‚ÄúLights Out,‚Äù the ‚ÄúInsidious‚Äù films), editors Michel Aller (‚ÄúLights Out,‚Äù ‚ÄúParanormal Activity: Ghost Dimension‚Äù) and Ken Blackwell ( ‚ÄúOuija‚Äù ‚ÄúFriday the 13th‚Äù), and costume designer Sharon Gilham (TV‚Äôs ‚ÄúBlack Mirror‚Äù).  The music is by Abel Korzeniowski (‚ÄúNocturnal Animals‚Äù).                       New Line Cinema presents an Atomic Monster / Safran Company production, ‚ÄúThe Nun.‚Äù Opening in theaters on September 7, 2018, the film will be distributed by Warner Bros. Pictures, a Warner Bros. Entertainment Company."
BAp-LNDkGOg,18.14.06,Bollywood Vs Reality | Harsh Beniwal,Harsh Beniwal,23,2018-06-11T14:17:18.000Z,"harsh beniwal|""harsh beniwal new video""|""harsh""|""beniwal""|""new""|""video""|""harsh beniwal latest video""|""harsh beniwal video""|""bollywood vs reality""|""bollywood""|""vs""|""reality""|""harsh beniwal bollywood video""|""harsh beniwal bollywood vs reality""|""bollywood spoof""|""bollywood funny video""|""harsh beniwal funny video""|""harsh beniwal bollywood spoof""",3315697,322915,10068,28008,https://i.ytimg.com/vi/BAp-LNDkGOg/default.jpg,FALSE,FALSE,FALSE,"Hey Everyone Check the latest Bollywood vs reality spoof , Do share your reviews Love YouuuuDownload the Loco App:  http://bit.ly/BeniwalLocoYT  You can now play the Loco quiz in Hindi, English, Marathi and Bengali.Special Thanks To Swiss Cottage School (Gurgaon)Subscribe: https://www.youtube.com/c/TheBrainHumourLike|Share|CommentShow us some love on these platform too.Facebook: https://www.facebook.com/harshbeniwalofficialInstagram: https://www.instagram.com/harshbeniwal/Snapchat: Harshbeniwal"
zN-M9aobnbE,18.14.06,Dhee 10 | 13th June 2018 | Full Episode | ETV Telugu,ETV Dhee,24,2018-06-13T18:05:15.000Z,"etv shows|""eenadu television""|""padutha theeyaga""|""super2""|""Dhee10""|""dhee Jodi""|""jabardasth""|""extra jabardsth""|""cash""|""genes""|""swarabhishekam""|""etv20""|""manasu mamatha""|""swathi chinukulu""|""naperu meenakshi""|""funny task""|""intro""|""bhargav""|""rishika""|""govind""|""husna""|""piyush""|""ankitha""|""Rahul""|""darshini""|""sai""|""malavika""|""saketh""|""priyanka""|""reality show""|""dance""",1143890,9176,1116,1646,https://i.ytimg.com/vi/zN-M9aobnbE/default.jpg,FALSE,FALSE,FALSE,"‡∞¶‡∞ï‡±ç‡∞∑‡∞£ ‡∞≠‡∞æ‡∞∞‡∞§‡∞¶‡±á‡∞∂‡∞Ç‡∞≤‡±ã‡∞®‡±á ‡∞Ö‡∞§‡∞ø‡∞™‡±Ü‡∞¶‡±ç‡∞¶ ‡∞°‡∞æ‡∞®‡±ç‡∞∏‡±ç ‡∞∞‡∞ø‡∞Ø‡∞æ‡∞≤‡∞ø‡∞ü‡±Ä ‡∞∑‡±ã...9 ‡∞∏‡±Ä‡∞ú‡∞®‡±ç‡∞∏‡±ç ‡∞Æ‡±Å‡∞ó‡∞ø‡∞Ç‡∞ö‡±Å‡∞ï‡±Å‡∞®‡∞ø ‡∞á‡∞™‡±Å‡∞°‡±Å ‡∞¢‡±Ä-10 ‡∞ó‡∞æ ‡∞Æ‡∞ø‡∞Æ‡±ç‡∞Æ‡∞≤‡±ç‡∞®‡∞ø ‡∞Ö‡∞≤‡∞∞‡∞ø‡∞Ç‡∞ö‡∞°‡∞æ‡∞®‡∞ø‡∞ï‡∞ø, ‡∞é‡∞Ç‡∞ü‡∞∞‡±ç ‡∞ü‡±à‡∞®‡±ç ‡∞Æ‡±Ü‡∞Ç‡∞ü‡±ç ‡∞®‡∞ø ‡∞ü‡∞®‡±ç‡∞®‡±Å‡∞≤ ‡∞ü‡∞®‡±ç‡∞®‡±Å‡∞≤ ‡∞ï‡±ä‡∞¶‡±ç‡∞¶‡∞ø ‡∞Æ‡±Ä‡∞ï‡±Å ‡∞Ö‡∞Ç‡∞¶‡∞ø‡∞∏‡±ç‡∞§‡±ã‡∞Ç‡∞¶‡∞ø ‡∞™‡±ç‡∞∞‡∞¶‡±Ä‡∞™‡±ç ‡∞Ø‡∞æ‡∞Ç‡∞ï‡∞∞‡±ç ‡∞ó‡∞æ, ‡∞∞‡∞∑‡±ç‡∞Æ‡∞ø, ‡∞∏‡±Å‡∞°‡∞ø‡∞ó‡∞æ‡∞≤‡∞ø ‡∞∏‡±Å‡∞ß‡±Ä‡∞∞‡±ç, ‡∞π‡±á‡∞Æ‡∞Ç‡∞§‡±ç, ‡∞µ‡∞∞‡±ç‡∞∑‡∞ø‡∞£‡∞ø‡∞≤‡±Å ‡∞ü‡±Ä‡∞Æ‡±ç ‡∞≤‡∞ø‡∞°‡∞∞‡±ç‡∞∏‡±ç ‡∞ó‡∞æ, ‡∞π‡±Ä‡∞∞‡±ã‡∞Ø‡∞ø‡∞®‡±ç ‡∞™‡±ç‡∞∞‡∞ø‡∞Ø‡∞Æ‡∞£‡∞ø,‡∞∂‡±á‡∞ñ‡∞∞‡±ç ‡∞Æ‡∞æ‡∞∑‡±ç‡∞ü‡∞∞‡±ç ‡∞≤‡±Å ‡∞ú‡∞°‡±ç‡∞ú‡∞ø‡∞∏‡±ç‚Äå ‡∞ó‡∞æ ‡∞¢‡±Ä-10 ‡∞∑‡±ã‡∞ï‡∞ø ‡∞µ‡±ç‡∞Ø‡∞µ‡∞π‡∞∞‡∞ø‡∞∏‡±ç‡∞§‡∞æ‡∞∞‡±Å."
SUrbuJuP2hs,18.14.06,SIP SIP - Jasmine Sandlas ft Intense | (Full Video) | Latest Punjabi Songs 2018,Fresh Media Records,10,2018-06-13T02:35:59.000Z,"Jasmine Sandlas Sip Sip|""Jasmine Sandlas New Punjabi Songs Sip Sip""|""Sip Sip BY jaSMINE SANDLAS""|""JASMINE SANDLAS FT GARRY SANDHU SIP SIP""|""SIP SIP JASMINE SANDLAS""|""jasmine sip sip""|""jasmine sandlas sip sip""",3637277,81378,5069,4212,https://i.ytimg.com/vi/SUrbuJuP2hs/default.jpg,FALSE,FALSE,FALSE,Singer - Jasmine SandlasSong - Sip SipLyrics/composer - Garry SandhuMusic - Intense Label - Fresh Media RecordsVideo - Rosleen Sandlasonline Promotions - Gold Media Entertainment.Presentation - Unalome ProductionsiTunes-https://itunes.apple.com/in/album/sip-sip-feat-intense-single/1397710028
gPT1ITXaqko,18.14.06,"#Vijetha Teaser | Kalyaan Dhev, Malavika Nair | Rakesh Sashii",Vaaraahi Chalana Chitram,1,2018-06-12T03:29:16.000Z,"Vijetha|""Vijetha teaser""|""Vijetha first look""|""Vijetha trailer""|""vaaraahi chalana chitram""|""Kalyan Dev""|""Kalyan Dev vijetha movie teaser""|""chiranjeevi alludu""|""vaaraahi movies""|""sai korrapati""|""Malavika Nair movies""|""KK Senthil Kumar""|""Harshavardhan Rameshwar""|""Rakesh Sashi""|""Kalyaan Dhev""",1522362,22829,3792,2007,https://i.ytimg.com/vi/gPT1ITXaqko/default.jpg,FALSE,FALSE,FALSE,"#Vijetha... Lighting up smiles on others faces is also a success. Starring: Kalyaan Dhev, Malavika Nair, Murali, Murli SharmaMusic: Harshavardhan RameshwarEditor: Karthika SrinivasDOP: KK Senthil KumarProducer: Rajani KorrapatiWritten & Direction: Rakesh SashiiFor More Updates :Subscribe @https://www.youtube.com/user/vaaraahi?sub_confirmation=1Like @ https://www.facebook.com/VaaraahiFollow @ https://twitter.com/VaaraahiCC"
rAH8qm5oQHg,18.14.06,Town Hall 12 Update is Here! (Clash of Clans Official),Clash of Clans,20,2018-06-11T12:08:03.000Z,"clash of clans|""COC""|""Clash of Clans Gameplay""|""Clash of Clans Strategy""|""Clash of Clans Animation""|""Clash of Clans Commercial""|""Clash of Clans Attacks""|""Clash of Clans Town Hall""|""Hog Rider""|""PEKKA""|""Clan Wars""|""town hall 12""|""electro dragon""|""siege machines""|""battle blimp""|""wall wrecker""|""clash of clans new update""",10531608,122553,7011,10736,https://i.ytimg.com/vi/rAH8qm5oQHg/default.jpg,FALSE,FALSE,FALSE,"Town Hall 12 is finally here, along with the Electro Dragon and Siege Machines!Read the full patch notes for this update: https://supr.cl/TH12_patchnotesAttack. Defend. Strategize. Download for free for mobile devices. http://supr.cl/ThisArmyCheck out the official Supercell merch store: http://shop.supercell.com/From rage-¬≠filled Barbarians with glorious mustaches to pyromaniac wizards, raise your own army and lead your clan to victory! Build your village to fend off raiders, battle against millions of players worldwide, and forge a powerful clan with others to destroy enemy clans.PLEASE NOTE! Clash of Clans is free to download and play, however some game items can also be purchased for real money Also, under our Terms of Service and Privacy Policy, you must be at least 13 years of age to play or download Clash of Clans.A network connection is also required.FEATURES- Build your village into an unbeatable fortress - Raise your own army of Barbarians, Archers, Hog Riders, Wizards, Dragons and other mighty fighters- Battle with players worldwide and take their Trophies- Join together with other players to form the ultimate Clan- Fight against rival Clans in epic Clan Wars - Build 18 unique units with multiple levels of upgrades- Discover your favorite attacking army from countless combinations of troops, spells, Heroes and Clan reinforcements - Defend your village with a multitude of Cannons, Towers, Mortars, Bombs, Traps and Walls- Fight against the Goblin King in a campaign through the realmChief, are you having problems? Visit http://supercell.helpshift.com/a/clash-of-clans/Privacy Policy:http://www.supercell.net/privacy-policy/Terms of Service:http://www.supercell.net/terms-of-service/Parent‚Äôs Guide:http://www.supercell.net/parents"
64UX1npgRkI,18.14.06,Sanju: Kar Har Maidaan Fateh | Ranbir Kapoor | Rajkumar Hirani | Sukhwinder Singh | Shreya Ghoshal,T-Series,10,2018-06-10T05:31:55.000Z,"Kar Har Maidaan Fateh|""kar har maidan fateh""|""sanju song""|""sanju movie songs 2018""|""sanju movie songs""|""ranbir kapoor""|""sanju""|""sanjay dutt biopic""|""Sanju""|""Sanju song""|""Sanju second song""|""Sanju 2018""|""Sanju movie""|""Kar Har Maidaan Fateh song""|""sanju Kar Har Maidaan Fateh""|""sukhvinder singh""|""Ranbir Kapoor""|""Ranbir Kapoor song""|""Ranbir Kapoor sanju""|""Ranbir Kapoor sad song""|""Sanju Second Song Kar Har Maidaan Fateh""|""sanju new""|""sanju making""|""sanju movie all song""",19472216,309752,10303,21731,https://i.ytimg.com/vi/64UX1npgRkI/default.jpg,FALSE,FALSE,FALSE,"In the darkest of moments, it‚Äôs often your family that stands by you. Presenting ‚ÄúKar Har Maidaan Fateh‚Äù, a song about hope and courage. Based on the life of Bollywood star Sanjay Dutt, and directed by Rajkumar Hirani, SANJU is set to release on 29th June 2018. A Vinod Chopra Films and Rajkumar Hirani Films production, presented by Fox Star Studios, the movie stars Ranbir Kapoor, Paresh Rawal and Manisha Koirala in the lead. ‚ô™ Available on ‚ô™iTunes: http://bit.ly/Kar-Har-Maidaan-Fateh-Sanju-iTunesHungama: http://bit.ly/Kar-Har-Maidaan-Fateh-Sanju-HungamaSaavn: http://bit.ly/Kar-Har-Maidaan-Fateh-Sanju-SaavnGaana: http://bit.ly/Kar-Har-Maidaan-Fateh-Sanju-GaanaApple Music: http://bit.ly/Kar-Har-Maidaan-Fateh-Sanju-Apple-MusicGoogle Play: http://bit.ly/Kar-Har-Maidaan-Fateh-Sanju-Google-PlayWynk: http://bit.ly/Kar-Har-Maidaan-Fateh-Sanju-WynkBookMyShow: http://bit.ly/Kar-Har-Maidaan-Fateh-Sanju-BookMyShowJio: http://bit.ly/Kar-Har-Maidaan-Fateh-Sanju-JioAmazon Prime Music: http://bit.ly/Kar-Har-Maidaan-Fateh-Sanju-Amazon-Prime-MusicIdea Music: http://bit.ly/Kar-Har-Maidaan-Fateh-Sanju-Idea-MusicFor Caller Tunes :Kar Har Maidaan Fateh https://bit.ly/2JCifHvKar Har Maidaan Fateh - Pighalade Janjire https://bit.ly/2JsEaVlKar Har Maidaan Fateh - Ghayal Parinda https://bit.ly/2HAtPB7Kar Har Maidaan Fateh - In Gardishon Ke Baadal https://bit.ly/2JqJXL6Kar Har Maidaan Fateh - Teri Koshishen https://bit.ly/2JqK5u4Set as Caller Tune:Set Kar Har Maidaan Fateh as your caller tune - sms SANJU6 To 54646Set Kar Har Maidaan Fateh - Pighalade Janjire as your caller tune - ssms SANJU7 To 54646Set Kar Har Maidaan Fateh - Ghayal Parinda as your caller tune -  sms SANJU8 To 54646Set Kar Har Maidaan Fateh - In Gardishon Ke Baadal as your caller tune -sms SANJU9 To 54646Set Kar Har Maidaan Fateh - Teri Koshishen as your caller tune - sms SANJU10 To 54646________________________________________Song: Kar Har Maidaan FatehSingers: Sukhwinder Singh & Shreya GhoshalMusic: Vikram MontroseLyrics: Shekhar AstitwaSong Programmed by: Vikram MontroseAdditional Programming: Bibhuti GogoiSound Design: Utpal DasLive Percussions: Pratap RathLive Guitars: Ishaan DasDrums: Zorran MendonsaViolins: Kailash PatraVocals & Live recorded by: Kittu MyakalAsst. Recording Engineer: Urmila SutarRecording Studio: Soundideaz StudioMixed by: Steve Fitzmaurice________________________________________Operator Codes: 1.Kar Har Maidaan FatehVodafone Subscribers Dial 53710503587Airtel Subscribers Dial 5432116540375Idea Subscribers Dial 5678910503587Tata DoCoMo Subscribers dial 54321110503587BSNL (South / East) Subscribers sms BT 10503587 To 56700BSNL (North / West) Subscribers sms BT 7111978 To 56700Virgin Subscribers sms TT 10503587 To 58475MTNL Subscribers sms PT 10503587 To 567892.Kar Har Maidaan Fateh - Pighalade JanjireVodafone Subscribers Dial 53710503607Airtel Subscribers Dial 5432116540014Idea Subscribers Dial 5678910503607Tata DoCoMo Subscribers dial 54321110503607BSNL (South / East) Subscribers sms BT 10503607 To 56700BSNL (North / West) Subscribers sms BT 7111979 To 56700Virgin Subscribers sms TT 10503607 To 58475MTNL Subscribers sms PT 10503607 To 567893.Kar Har Maidaan Fateh - Ghayal ParindaVodafone Subscribers Dial 53710503589Airtel Subscribers Dial 5432116538633Idea Subscribers Dial 5678910503589Tata DoCoMo Subscribers dial 54321110503589BSNL (South / East) Subscribers sms BT 10503589 To 56700BSNL (North / West) Subscribers sms BT 7111980 To 56700Virgin Subscribers sms TT 10503589 To 58475MTNL Subscribers sms PT 10503589 To 567894.Kar Har Maidaan Fateh - In Gardishon Ke BaadalVodafone Subscribers Dial 53710503596Airtel Subscribers Dial 5432116540361Idea Subscribers Dial 5678910503596Tata DoCoMo Subscribers dial 54321110503596BSNL (South / East) Subscribers sms BT 10503596 To 56700BSNL (North / West) Subscribers sms BT 7111981 To 56700Virgin Subscribers sms TT 10503596 To 58475MTNL Subscribers sms PT 10503596 To 567895.Kar Har Maidaan Fateh - Teri KoshishenVodafone Subscribers Dial 53710503576Airtel Subscribers Dial 5432116540395Idea Subscribers Dial 5678910503576Tata DoCoMo Subscribers dial 54321110503576BSNL (South / East) Subscribers sms BT 10503576 To 56700BSNL (North / West) Subscribers sms BT 7111982 To 56700Virgin Subscribers sms TT 10503576 To 58475MTNL Subscribers sms PT 10503576 To 56789___Enjoy & stay connected with us!‚ñ∫ Subscribe to T-Series: http://bit.ly/TSeriesYouTube‚ñ∫ Like us on Facebook: https://www.facebook.com/tseriesmusic‚ñ∫ Follow us on Twitter: https://twitter.com/tseries‚ñ∫ Follow us on Instagram: http://bit.ly/InstagramTseries"
eDxsDwslmew,18.14.06,TSP's A Day Before Exam Results,The Screen Patti,24,2018-06-12T11:35:32.000Z,"The Screen Patti|""The""|""Screen""|""Patti""|""Screenpanti""|""Teen Patti""|""Sardarboys""|""Sardar""|""funny videos""|""comedy video""|""english""|""scholar""|""school""|""result""|""funny jokes""|""college""|""history""|""test""|""education""|""youtube funny videos""|""science""|""ssc result""|""psychology""|""children""|""family""|""funny""|""all india results""|""gk app""|""mba""|""economics""|""university""|""engineering""|""raja rabish kumar""|""rabish kumar""|""ravish kumar""|""jizzy veerji""|""bade chhote""|""chhote miyan""|""the viral fever""|""the timeliners""|""girliyapa""|""hse results""|""cbse results""",1000533,46257,1643,6290,https://i.ytimg.com/vi/eDxsDwslmew/default.jpg,FALSE,FALSE,FALSE,"There‚Äôs one day that all the students in the world collectively hate - The day you get your exam results. And there‚Äôs only one day that‚Äôs hated more than this day - The Day Before the exam results. Our parents have very high expectations, nosey aunties keep enquiring about our SSC hall ticket number and relatives keep reminding leaving us already stressed students even more nervous.Join Suraj and Monty on this journey as they unravel this eventful and hated day.Here‚Äôs a small quote from our Ex President Dr A.P.J Abdul Kalam.‚ÄúSome of the brightest minds of this country can be found on the last benches of the classroom.‚ÄùThe Screen Patti wishes all you guys the best of luck for your results!Creative Head: Amrit Raj GuptaWritten by: Jatin Birajdar, Sachin SingalaDirected by: Parikshit JoshiDOP: Jerin PaulEdited by: Shuchi GuptaProduction Design: Bharat JainCreative Producer: Shreyansh PandeySupervising Producer: Joshna BhatChief Assistant Director: Jeet MalhotraCostume Stylist: Reena HarpalaniAssistant Directors: Aakash Bhatnagar, Shlagha GuptaColor Graded By: Shuchi GuptaGraphics: Pritam Kumar, Ankit Bairagee, Anshuman SinghAssistant DOP: Abhijeet PatilAssistant Production Designer: Shruti Arvind HaldipurPost Production Supervisor: Garvit JanshaliContent Strategy: Kshitiz Sudhakar, Olivier Thomas, Mrinal PantSync Sound: Siddharth KushwahaProduction Manager: Niharika RathodProduction Executive: Dinesh RawatHead of Production: Arun KumarHead of Marketing: Vineet KanabarMarketing Team: Shaun Pais, Darshit Gada, Devashish Sharma, Shailendra Patil, Radhika VijayFinance: Manish Saini, Nikita JoshiLegal: Megha GuptaOffice Admin: Avadhraj YadavLocation: TVF CampusCast:Badriprasad Chavan, Khushbu Baid, Jasmeet singh Bhatia, Bhavini Soni, Chote Miyaan, Deepesh Jagdish, Sachin Negi, Nigah Mallya,Want more awesome original videos?Head to https://tvfplay.com/Download TVFPlay now:Android: http://bit.ly/tvfplayandroidiOS: http://bit.ly/tvfplayios"
